WKT,Layer,Provinsi,Nama,Jenis,Alamat,Latitude,Longitude
"POINT (107.6213165 -7.1329848)",Jawa Barat,Jawa Barat,Kabupaten Bandung,Kabupaten,Kabupaten Bandung, Jawa Barat, Indonesia,-7.1329848,107.6213165
"POINT (107.491828 -6.8645205)",Jawa Barat,Jawa Barat,Kabupaten Bandung Barat,Kabupaten,Kabupaten Bandung Barat, Jawa Barat, Indonesia,-6.8645205,107.491828
"POINT (107.1727467 -6.3634694)",Jawa Barat,Jawa Barat,Kabupaten Bekasi,Kabupaten,Kabupaten Bekasi, Jawa Barat, Indonesia,-6.3634694,107.1727467
"POINT (106.6291245 -6.5518036)",Jawa Barat,Jawa Barat,Kabupaten Bogor,Kabupaten,Kabupaten Bogor, Jawa Barat, Indonesia,-6.5518036,106.6291245
"POINT (108.353 -7.326)",Jawa Barat,Jawa Barat,Kabupaten Ciamis,Kabupaten,Kabupaten Ciamis, Jawa Barat, Indonesia,-7.326,108.353
"POINT (107.1886832 -7.3433622)",Jawa Barat,Jawa Barat,Kabupaten Cianjur,Kabupaten,Kabupaten Cianjur, Jawa Barat, Indonesia,-7.3433622,107.1886832
"POINT (108.4862674 -6.7554549)",Jawa Barat,Jawa Barat,Kabupaten Cirebon,Kabupaten,Kabupaten Cirebon, Jawa Barat, Indonesia,-6.7554549,108.4862674
"POINT (107.7636995 -7.5009054)",Jawa Barat,Jawa Barat,Kabupaten Garut,Kabupaten,Kabupaten Garut, Jawa Barat, Indonesia,-7.5009054,107.7636995
"POINT (108.32 -6.327)",Jawa Barat,Jawa Barat,Kabupaten Indramayu,Kabupaten,Kabupaten Indramayu, Jawa Barat, Indonesia,-6.327,108.32
"POINT (107.337 -6.322)",Jawa Barat,Jawa Barat,Kabupaten Karawang,Kabupaten,Kabupaten Karawang, Jawa Barat, Indonesia,-6.322,107.337
"POINT (108.483 -6.976)",Jawa Barat,Jawa Barat,Kabupaten Kuningan,Kabupaten,Kabupaten Kuningan, Jawa Barat, Indonesia,-6.976,108.483
"POINT (108.227 -6.836)",Jawa Barat,Jawa Barat,Kabupaten Majalengka,Kabupaten,Kabupaten Majalengka, Jawa Barat, Indonesia,-6.836,108.227
"POINT (108.65 -7.685)",Jawa Barat,Jawa Barat,Kabupaten Pangandaran,Kabupaten,Kabupaten Pangandaran, Jawa Barat, Indonesia,-7.685,108.65
"POINT (107.443 -6.556)",Jawa Barat,Jawa Barat,Kabupaten Purwakarta,Kabupaten,Kabupaten Purwakarta, Jawa Barat, Indonesia,-6.556,107.443
"POINT (107.76 -6.569)",Jawa Barat,Jawa Barat,Kabupaten Subang,Kabupaten,Kabupaten Subang, Jawa Barat, Indonesia,-6.569,107.76
"POINT (106.9475362 -6.87824)",Jawa Barat,Jawa Barat,Kabupaten Sukabumi,Kabupaten,Kabupaten Sukabumi, Jawa Barat, Indonesia,-6.87824,106.9475362
"POINT (107.9530542 -6.8327094)",Jawa Barat,Jawa Barat,Kabupaten Sumedang,Kabupaten,Kabupaten Sumedang, Jawa Barat, Indonesia,-6.8327094,107.9530542
"POINT (108.1415799 -7.6454706)",Jawa Barat,Jawa Barat,Kabupaten Tasikmalaya,Kabupaten,Kabupaten Tasikmalaya, Jawa Barat, Indonesia,-7.6454706,108.1415799
"POINT (107.6191 -6.9175)",Jawa Barat,Jawa Barat,Kota Bandung,Kota,Kota Bandung, Jawa Barat, Indonesia,-6.9175,107.6191
"POINT (108.54 -7.37)",Jawa Barat,Jawa Barat,Kota Banjar,Kota,Kota Banjar, Jawa Barat, Indonesia,-7.37,108.54
"POINT (106.9756 -6.2383)",Jawa Barat,Jawa Barat,Kota Bekasi,Kota,Kota Bekasi, Jawa Barat, Indonesia,-6.2383,106.9756
"POINT (106.806 -6.5971)",Jawa Barat,Jawa Barat,Kota Bogor,Kota,Kota Bogor, Jawa Barat, Indonesia,-6.5971,106.806
"POINT (107.542 -6.8722)",Jawa Barat,Jawa Barat,Kota Cimahi,Kota,Kota Cimahi, Jawa Barat, Indonesia,-6.8722,107.542
"POINT (108.557 -6.7063)",Jawa Barat,Jawa Barat,Kota Cirebon,Kota,Kota Cirebon, Jawa Barat, Indonesia,-6.7063,108.557
"POINT (106.7942 -6.4025)",Jawa Barat,Jawa Barat,Kota Depok,Kota,Kota Depok, Jawa Barat, Indonesia,-6.4025,106.7942
"POINT (106.93 -6.9277)",Jawa Barat,Jawa Barat,Kota Sukabumi,Kota,Kota Sukabumi, Jawa Barat, Indonesia,-6.9277,106.93
"POINT (108.2207 -7.3274)",Jawa Barat,Jawa Barat,Kota Tasikmalaya,Kota,Kota Tasikmalaya, Jawa Barat, Indonesia,-7.3274,108.2207
